section id,recording id,fixation id,start timestamp [ns],end timestamp [ns],duration [ms],fixation detected in reference image,fixation x [px],fixation y [px]
21227327-b8d8-4f1a-ac68-5fc6eefe8bf4,54a0deee-23dd-48f4-806e-6fdb519d6a7c,107,1636035502384515914,1636035502552495914,167,true,2721,1143
21227327-b8d8-4f1a-ac68-5fc6eefe8bf4,54a0deee-23dd-48f4-806e-6fdb519d6a7c,108,1636035502584504914,1636035503048533914,464,true,2978,1353
21227327-b8d8-4f1a-ac68-5fc6eefe8bf4,54a0deee-23dd-48f4-806e-6fdb519d6a7c,109,1636035503076829914,1636035503348491914,271,true,2455,1277
21227327-b8d8-4f1a-ac68-5fc6eefe8bf4,54a0deee-23dd-48f4-806e-6fdb519d6a7c,110,1636035503388487914,1636035503548479914,159,true,2624,1050
21227327-b8d8-4f1a-ac68-5fc6eefe8bf4,54a0deee-23dd-48f4-806e-6fdb519d6a7c,111,1636035503604525914,1636035504152479914,547,true,1182,1347
21227327-b8d8-4f1a-ac68-5fc6eefe8bf4,54a0deee-23dd-48f4-806e-6fdb519d6a7c,112,1636035504228522914,1636035504440514914,211,true,2707,2888
21227327-b8d8-4f1a-ac68-5fc6eefe8bf4,54a0deee-23dd-48f4-806e-6fdb519d6a7c,113,1636035504520498914,1636035504712553914,192,false,,
21227327-b8d8-4f1a-ac68-5fc6eefe8bf4,54a0deee-23dd-48f4-806e-6fdb519d6a7c,114,1636035504792595914,1636035505416506914,623,true,3580,1378
21227327-b8d8-4f1a-ac68-5fc6eefe8bf4,54a0deee-23dd-48f4-806e-6fdb519d6a7c,115,1636035505448487914,1636035506648482914,1199,true,3543,1397
21227327-b8d8-4f1a-ac68-5fc6eefe8bf4,54a0deee-23dd-48f4-806e-6fdb519d6a7c,116,1636035506728511914,1636035506840515914,112,true,2751,1170
21227327-b8d8-4f1a-ac68-5fc6eefe8bf4,54a0deee-23dd-48f4-806e-6fdb519d6a7c,117,1636035506873039914,1636035507372501914,499,true,2410,1059
21227327-b8d8-4f1a-ac68-5fc6eefe8bf4,54a0deee-23dd-48f4-806e-6fdb519d6a7c,118,1636035507408499914,1636035507712512914,304,true,2603,1143
21227327-b8d8-4f1a-ac68-5fc6eefe8bf4,54a0deee-23dd-48f4-806e-6fdb519d6a7c,119,1636035507756522914,1636035507908536914,152,true,2018,1102
21227327-b8d8-4f1a-ac68-5fc6eefe8bf4,54a0deee-23dd-48f4-806e-6fdb519d6a7c,120,1636035507948486914,1636035508400515914,452,true,1575,1128
21227327-b8d8-4f1a-ac68-5fc6eefe8bf4,54a0deee-23dd-48f4-806e-6fdb519d6a7c,121,1636035508452496914,1636035508600531914,148,true,2146,1165
21227327-b8d8-4f1a-ac68-5fc6eefe8bf4,54a0deee-23dd-48f4-806e-6fdb519d6a7c,122,1636035508644488914,1636035509156504914,512,true,2494,1073
21227327-b8d8-4f1a-ac68-5fc6eefe8bf4,54a0deee-23dd-48f4-806e-6fdb519d6a7c,123,1636035509184500914,1636035509428552914,244,true,2359,983
21227327-b8d8-4f1a-ac68-5fc6eefe8bf4,54a0deee-23dd-48f4-806e-6fdb519d6a7c,124,1636035509508527914,1636035509716564914,208,true,1170,1053
21227327-b8d8-4f1a-ac68-5fc6eefe8bf4,54a0deee-23dd-48f4-806e-6fdb519d6a7c,125,1636035509736539914,1636035510084567914,348,true,1015,1009
21227327-b8d8-4f1a-ac68-5fc6eefe8bf4,54a0deee-23dd-48f4-806e-6fdb519d6a7c,126,1636035510144509914,1636035510336490914,191,true,1777,1589
21227327-b8d8-4f1a-ac68-5fc6eefe8bf4,54a0deee-23dd-48f4-806e-6fdb519d6a7c,127,1636035510372517914,1636035510560534914,188,true,1914,1828
21227327-b8d8-4f1a-ac68-5fc6eefe8bf4,54a0deee-23dd-48f4-806e-6fdb519d6a7c,128,1636035510580517914,1636035510792497914,211,true,2062,1832
21227327-b8d8-4f1a-ac68-5fc6eefe8bf4,54a0deee-23dd-48f4-806e-6fdb519d6a7c,129,1636035510832478914,1636035511080494914,248,true,2364,1907
21227327-b8d8-4f1a-ac68-5fc6eefe8bf4,54a0deee-23dd-48f4-806e-6fdb519d6a7c,130,1636035511132500914,1636035511668505914,536,true,2074,1820
21227327-b8d8-4f1a-ac68-5fc6eefe8bf4,54a0deee-23dd-48f4-806e-6fdb519d6a7c,131,1636035511716506914,1636035511864555914,148,true,1593,1786
21227327-b8d8-4f1a-ac68-5fc6eefe8bf4,54a0deee-23dd-48f4-806e-6fdb519d6a7c,132,1636035511912552914,1636035512484487914,571,true,1161,1564
21227327-b8d8-4f1a-ac68-5fc6eefe8bf4,54a0deee-23dd-48f4-806e-6fdb519d6a7c,133,1636035512524510914,1636035512776512914,252,true,1330,1809
21227327-b8d8-4f1a-ac68-5fc6eefe8bf4,54a0deee-23dd-48f4-806e-6fdb519d6a7c,134,1636035512936552914,1636035513136519914,199,true,1117,874
21227327-b8d8-4f1a-ac68-5fc6eefe8bf4,54a0deee-23dd-48f4-806e-6fdb519d6a7c,135,1636035513308514914,1636035513884518914,576,true,2378,1028
21227327-b8d8-4f1a-ac68-5fc6eefe8bf4,54a0deee-23dd-48f4-806e-6fdb519d6a7c,136,1636035513912590914,1636035514356500914,443,true,2203,1050
21227327-b8d8-4f1a-ac68-5fc6eefe8bf4,54a0deee-23dd-48f4-806e-6fdb519d6a7c,137,1636035514400508914,1636035515144484914,743,true,2583,1177
21227327-b8d8-4f1a-ac68-5fc6eefe8bf4,54a0deee-23dd-48f4-806e-6fdb519d6a7c,138,1636035515176532914,1636035515392531914,215,true,2480,1057
21227327-b8d8-4f1a-ac68-5fc6eefe8bf4,54a0deee-23dd-48f4-806e-6fdb519d6a7c,139,1636035515416729914,1636035515892500914,475,true,2620,1160
21227327-b8d8-4f1a-ac68-5fc6eefe8bf4,54a0deee-23dd-48f4-806e-6fdb519d6a7c,140,1636035515992514914,1636035516308532914,316,true,1097,986
21227327-b8d8-4f1a-ac68-5fc6eefe8bf4,54a0deee-23dd-48f4-806e-6fdb519d6a7c,141,1636035516332485914,1636035516844520914,512,true,849,890
21227327-b8d8-4f1a-ac68-5fc6eefe8bf4,54a0deee-23dd-48f4-806e-6fdb519d6a7c,142,1636035516876488914,1636035517561399914,684,true,1058,998
21227327-b8d8-4f1a-ac68-5fc6eefe8bf4,54a0deee-23dd-48f4-806e-6fdb519d6a7c,143,1636035517592495914,1636035518016501914,424,true,836,916
21227327-b8d8-4f1a-ac68-5fc6eefe8bf4,54a0deee-23dd-48f4-806e-6fdb519d6a7c,144,1636035518060532914,1636035518336638914,276,true,1441,1159
21227327-b8d8-4f1a-ac68-5fc6eefe8bf4,54a0deee-23dd-48f4-806e-6fdb519d6a7c,145,1636035518380493914,1636035518700557914,320,true,1141,863
21227327-b8d8-4f1a-ac68-5fc6eefe8bf4,54a0deee-23dd-48f4-806e-6fdb519d6a7c,146,1636035518744503914,1636035519252513914,508,true,1405,1172
91fe06da-2246-442a-a11d-89886ae81721,95833eee-cc7c-41ad-a242-b0db2e421866,150,1635864116702111439,1635864117302104439,599,true,2321,1505
91fe06da-2246-442a-a11d-89886ae81721,95833eee-cc7c-41ad-a242-b0db2e421866,151,1635864117346095439,1635864117890092439,543,true,1833,1714
91fe06da-2246-442a-a11d-89886ae81721,95833eee-cc7c-41ad-a242-b0db2e421866,152,1635864118302146439,1635864119166105439,863,true,2545,1181
91fe06da-2246-442a-a11d-89886ae81721,95833eee-cc7c-41ad-a242-b0db2e421866,153,1635864119234145439,1635864119562090439,327,true,2764,2512
91fe06da-2246-442a-a11d-89886ae81721,95833eee-cc7c-41ad-a242-b0db2e421866,154,1635864119610115439,1635864119794124439,184,true,2265,1798
91fe06da-2246-442a-a11d-89886ae81721,95833eee-cc7c-41ad-a242-b0db2e421866,155,1635864119846101439,1635864120338292439,492,true,2622,1198
91fe06da-2246-442a-a11d-89886ae81721,95833eee-cc7c-41ad-a242-b0db2e421866,156,1635864120378277439,1635864120794106439,415,true,2130,1184
91fe06da-2246-442a-a11d-89886ae81721,95833eee-cc7c-41ad-a242-b0db2e421866,157,1635864120862171439,1635864121478104439,615,true,1558,1488
91fe06da-2246-442a-a11d-89886ae81721,95833eee-cc7c-41ad-a242-b0db2e421866,158,1635864121534136439,1635864122138140439,604,true,2363,1090
91fe06da-2246-442a-a11d-89886ae81721,95833eee-cc7c-41ad-a242-b0db2e421866,159,1635864122170104439,1635864123274112439,1104,true,2560,1297
91fe06da-2246-442a-a11d-89886ae81721,95833eee-cc7c-41ad-a242-b0db2e421866,160,1635864123302160439,1635864123602181439,300,true,2449,1145
91fe06da-2246-442a-a11d-89886ae81721,95833eee-cc7c-41ad-a242-b0db2e421866,161,1635864123654115439,1635864123842132439,188,true,1905,1138
91fe06da-2246-442a-a11d-89886ae81721,95833eee-cc7c-41ad-a242-b0db2e421866,162,1635864123886108439,1635864124158099439,271,true,1632,1096
91fe06da-2246-442a-a11d-89886ae81721,95833eee-cc7c-41ad-a242-b0db2e421866,163,1635864124186106439,1635864124410124439,224,true,1507,1086
91fe06da-2246-442a-a11d-89886ae81721,95833eee-cc7c-41ad-a242-b0db2e421866,164,1635864124462090439,1635864124678132439,216,true,1220,1094
91fe06da-2246-442a-a11d-89886ae81721,95833eee-cc7c-41ad-a242-b0db2e421866,165,1635864124714112439,1635864125226281439,512,true,1375,1488
91fe06da-2246-442a-a11d-89886ae81721,95833eee-cc7c-41ad-a242-b0db2e421866,166,1635864125318138439,1635864125562130439,243,true,2448,1143
91fe06da-2246-442a-a11d-89886ae81721,95833eee-cc7c-41ad-a242-b0db2e421866,167,1635864125598138439,1635864125842102439,243,true,2765,1267
91fe06da-2246-442a-a11d-89886ae81721,95833eee-cc7c-41ad-a242-b0db2e421866,168,1635864125898198439,1635864126234190439,335,true,3276,1235
91fe06da-2246-442a-a11d-89886ae81721,95833eee-cc7c-41ad-a242-b0db2e421866,169,1635864126290158439,1635864126454101439,163,true,2645,1149
91fe06da-2246-442a-a11d-89886ae81721,95833eee-cc7c-41ad-a242-b0db2e421866,170,1635864126486091439,1635864126738169439,252,true,2474,1043
91fe06da-2246-442a-a11d-89886ae81721,95833eee-cc7c-41ad-a242-b0db2e421866,171,1635864126778155439,1635864127074105439,295,true,2156,1050
91fe06da-2246-442a-a11d-89886ae81721,95833eee-cc7c-41ad-a242-b0db2e421866,172,1635864127122109439,1635864127786101439,663,true,2590,1218
91fe06da-2246-442a-a11d-89886ae81721,95833eee-cc7c-41ad-a242-b0db2e421866,173,1635864127818110439,1635864128226125439,408,true,2519,1475
91fe06da-2246-442a-a11d-89886ae81721,95833eee-cc7c-41ad-a242-b0db2e421866,174,1635864128290128439,1635864128494144439,204,true,1914,1671
91fe06da-2246-442a-a11d-89886ae81721,95833eee-cc7c-41ad-a242-b0db2e421866,175,1635864128534093439,1635864128722146439,188,true,1580,1584
91fe06da-2246-442a-a11d-89886ae81721,95833eee-cc7c-41ad-a242-b0db2e421866,176,1635864128762148439,1635864129078203439,316,true,1290,1600
91fe06da-2246-442a-a11d-89886ae81721,95833eee-cc7c-41ad-a242-b0db2e421866,177,1635864129134128439,1635864129370109439,235,true,1173,2209
91fe06da-2246-442a-a11d-89886ae81721,95833eee-cc7c-41ad-a242-b0db2e421866,178,1635864129418126439,1635864130434159439,1016,true,1394,1428
91fe06da-2246-442a-a11d-89886ae81721,95833eee-cc7c-41ad-a242-b0db2e421866,179,1635864130466105439,1635864130630108439,164,true,1462,1570
91fe06da-2246-442a-a11d-89886ae81721,95833eee-cc7c-41ad-a242-b0db2e421866,180,1635864130710108439,1635864130874125439,164,true,2293,1207
91fe06da-2246-442a-a11d-89886ae81721,95833eee-cc7c-41ad-a242-b0db2e421866,181,1635864130894102439,1635864131246111439,352,true,2430,1076
91fe06da-2246-442a-a11d-89886ae81721,95833eee-cc7c-41ad-a242-b0db2e421866,182,1635864131290138439,1635864131898130439,607,true,2682,1274
91fe06da-2246-442a-a11d-89886ae81721,95833eee-cc7c-41ad-a242-b0db2e421866,183,1635864132070122439,1635864132402119439,331,true,2784,1551
91fe06da-2246-442a-a11d-89886ae81721,95833eee-cc7c-41ad-a242-b0db2e421866,184,1635864132446100439,1635864132898170439,452,true,3020,1629
91fe06da-2246-442a-a11d-89886ae81721,95833eee-cc7c-41ad-a242-b0db2e421866,185,1635864132938102439,1635864133118193439,180,true,2589,1358
91fe06da-2246-442a-a11d-89886ae81721,95833eee-cc7c-41ad-a242-b0db2e421866,186,1635864133162109439,1635864133402107439,239,true,2368,1145
91fe06da-2246-442a-a11d-89886ae81721,95833eee-cc7c-41ad-a242-b0db2e421866,187,1635864133478093439,1635864133694225439,216,true,1556,1233
91fe06da-2246-442a-a11d-89886ae81721,95833eee-cc7c-41ad-a242-b0db2e421866,188,1635864133870131439,1635864134186135439,316,true,1172,1175
91fe06da-2246-442a-a11d-89886ae81721,95833eee-cc7c-41ad-a242-b0db2e421866,189,1635864134230106439,1635864134494112439,264,true,1323,1513
91fe06da-2246-442a-a11d-89886ae81721,95833eee-cc7c-41ad-a242-b0db2e421866,190,1635864134526122439,1635864134662156439,136,true,1429,1632
91fe06da-2246-442a-a11d-89886ae81721,95833eee-cc7c-41ad-a242-b0db2e421866,191,1635864134734121439,1635864134942108439,207,true,2239,1245
91fe06da-2246-442a-a11d-89886ae81721,95833eee-cc7c-41ad-a242-b0db2e421866,192,1635864134974088439,1635864135610108439,636,true,2606,1238
91fe06da-2246-442a-a11d-89886ae81721,95833eee-cc7c-41ad-a242-b0db2e421866,193,1635864135638092439,1635864135898099439,260,true,2949,1372
91fe06da-2246-442a-a11d-89886ae81721,95833eee-cc7c-41ad-a242-b0db2e421866,194,1635864135930104439,1635864136286110439,356,true,3048,1602
91fe06da-2246-442a-a11d-89886ae81721,95833eee-cc7c-41ad-a242-b0db2e421866,195,1635864136314077439,1635864136582219439,268,true,2961,1402
91fe06da-2246-442a-a11d-89886ae81721,95833eee-cc7c-41ad-a242-b0db2e421866,196,1635864136618643439,1635864136862085439,243,true,3125,1541
91fe06da-2246-442a-a11d-89886ae81721,95833eee-cc7c-41ad-a242-b0db2e421866,197,1635864136910078439,1635864137198097439,288,true,2644,1362
91fe06da-2246-442a-a11d-89886ae81721,95833eee-cc7c-41ad-a242-b0db2e421866,198,1635864137238223439,1635864137454117439,215,true,2459,1157
91fe06da-2246-442a-a11d-89886ae81721,95833eee-cc7c-41ad-a242-b0db2e421866,199,1635864137474088439,1635864137630098439,156,true,2380,1016
91fe06da-2246-442a-a11d-89886ae81721,95833eee-cc7c-41ad-a242-b0db2e421866,200,1635864137834176439,1635864137990120439,155,true,1227,939
291699f6-7b84-4853-b3ec-0d1d7289434a,b1eafeee-a388-4c85-86a4-fa855bc4bea3,197,1636382486978838745,1636382487098934745,120,true,2939,1324
291699f6-7b84-4853-b3ec-0d1d7289434a,b1eafeee-a388-4c85-86a4-fa855bc4bea3,198,1636382487186792745,1636382487330792745,144,true,2154,1332
291699f6-7b84-4853-b3ec-0d1d7289434a,b1eafeee-a388-4c85-86a4-fa855bc4bea3,199,1636382487378798745,1636382487630806745,252,true,1363,1805
291699f6-7b84-4853-b3ec-0d1d7289434a,b1eafeee-a388-4c85-86a4-fa855bc4bea3,200,1636382487678799745,1636382487946768745,267,true,2096,1371
291699f6-7b84-4853-b3ec-0d1d7289434a,b1eafeee-a388-4c85-86a4-fa855bc4bea3,201,1636382487966779745,1636382488178859745,212,true,2382,1227
291699f6-7b84-4853-b3ec-0d1d7289434a,b1eafeee-a388-4c85-86a4-fa855bc4bea3,202,1636382488206862745,1636382488670772745,463,true,2487,1467
291699f6-7b84-4853-b3ec-0d1d7289434a,b1eafeee-a388-4c85-86a4-fa855bc4bea3,203,1636382488702805745,1636382489042787745,339,true,2295,1258
291699f6-7b84-4853-b3ec-0d1d7289434a,b1eafeee-a388-4c85-86a4-fa855bc4bea3,204,1636382489090804745,1636382489255077745,164,true,1570,1205
291699f6-7b84-4853-b3ec-0d1d7289434a,b1eafeee-a388-4c85-86a4-fa855bc4bea3,205,1636382489286780745,1636382489614723745,327,true,1382,1223
291699f6-7b84-4853-b3ec-0d1d7289434a,b1eafeee-a388-4c85-86a4-fa855bc4bea3,206,1636382489638788745,1636382489754713745,115,true,1278,1408
291699f6-7b84-4853-b3ec-0d1d7289434a,b1eafeee-a388-4c85-86a4-fa855bc4bea3,207,1636382489798779745,1636382490266807745,468,true,825,1143
291699f6-7b84-4853-b3ec-0d1d7289434a,b1eafeee-a388-4c85-86a4-fa855bc4bea3,208,1636382490322801745,1636382490470785745,147,true,1114,464
291699f6-7b84-4853-b3ec-0d1d7289434a,b1eafeee-a388-4c85-86a4-fa855bc4bea3,209,1636382490530781745,1636382490899018745,368,true,2286,667
291699f6-7b84-4853-b3ec-0d1d7289434a,b1eafeee-a388-4c85-86a4-fa855bc4bea3,210,1636382490938707745,1636382491178710745,240,true,1916,461
291699f6-7b84-4853-b3ec-0d1d7289434a,b1eafeee-a388-4c85-86a4-fa855bc4bea3,211,1636382491226803745,1636382492098912745,872,true,2470,1413
291699f6-7b84-4853-b3ec-0d1d7289434a,b1eafeee-a388-4c85-86a4-fa855bc4bea3,212,1636382492126839745,1636382492542774745,415,true,2323,1281
291699f6-7b84-4853-b3ec-0d1d7289434a,b1eafeee-a388-4c85-86a4-fa855bc4bea3,213,1636382492570798745,1636382492974797745,403,true,2484,1430
291699f6-7b84-4853-b3ec-0d1d7289434a,b1eafeee-a388-4c85-86a4-fa855bc4bea3,214,1636382493026791745,1636382493178708745,151,true,2342,2189
291699f6-7b84-4853-b3ec-0d1d7289434a,b1eafeee-a388-4c85-86a4-fa855bc4bea3,215,1636382493238843745,1636382493506891745,268,true,1024,2391
291699f6-7b84-4853-b3ec-0d1d7289434a,b1eafeee-a388-4c85-86a4-fa855bc4bea3,216,1636382493546782745,1636382493962782745,416,true,1004,1899
291699f6-7b84-4853-b3ec-0d1d7289434a,b1eafeee-a388-4c85-86a4-fa855bc4bea3,217,1636382494014864745,1636382494470839745,455,true,734,1159
291699f6-7b84-4853-b3ec-0d1d7289434a,b1eafeee-a388-4c85-86a4-fa855bc4bea3,218,1636382494562868745,1636382495030850745,467,true,2346,2764
291699f6-7b84-4853-b3ec-0d1d7289434a,b1eafeee-a388-4c85-86a4-fa855bc4bea3,219,1636382495070780745,1636382495406746745,335,true,1827,2848
291699f6-7b84-4853-b3ec-0d1d7289434a,b1eafeee-a388-4c85-86a4-fa855bc4bea3,220,1636382495446778745,1636382495599061745,152,true,1871,2278
291699f6-7b84-4853-b3ec-0d1d7289434a,b1eafeee-a388-4c85-86a4-fa855bc4bea3,221,1636382495662943745,1636382495839213745,176,true,2229,1396
291699f6-7b84-4853-b3ec-0d1d7289434a,b1eafeee-a388-4c85-86a4-fa855bc4bea3,222,1636382495862911745,1636382496194795745,331,true,2275,1258
291699f6-7b84-4853-b3ec-0d1d7289434a,b1eafeee-a388-4c85-86a4-fa855bc4bea3,223,1636382496218811745,1636382496482806745,263,true,2073,1306
291699f6-7b84-4853-b3ec-0d1d7289434a,b1eafeee-a388-4c85-86a4-fa855bc4bea3,224,1636382496519021745,1636382497138744745,619,true,1723,1196
291699f6-7b84-4853-b3ec-0d1d7289434a,b1eafeee-a388-4c85-86a4-fa855bc4bea3,225,1636382497158971745,1636382497586801745,427,true,1525,951
291699f6-7b84-4853-b3ec-0d1d7289434a,b1eafeee-a388-4c85-86a4-fa855bc4bea3,226,1636382497630954745,1636382497882925745,251,true,1330,1683
291699f6-7b84-4853-b3ec-0d1d7289434a,b1eafeee-a388-4c85-86a4-fa855bc4bea3,227,1636382497934795745,1636382498590812745,656,true,2321,1253
291699f6-7b84-4853-b3ec-0d1d7289434a,b1eafeee-a388-4c85-86a4-fa855bc4bea3,228,1636382498646780745,1636382498878727745,231,true,1448,2012
291699f6-7b84-4853-b3ec-0d1d7289434a,b1eafeee-a388-4c85-86a4-fa855bc4bea3,229,1636382498946787745,1636382499066787745,120,true,2771,2505
76bd39bc-5bba-4334-9f06-93c645ce69be,c9431eee-9299-4234-81b7-1df1e3e6e97c,126,1636386807391811256,1636386807711795256,319,true,2898,1027
76bd39bc-5bba-4334-9f06-93c645ce69be,c9431eee-9299-4234-81b7-1df1e3e6e97c,127,1636386807763878256,1636386808075831256,311,true,1799,1495
76bd39bc-5bba-4334-9f06-93c645ce69be,c9431eee-9299-4234-81b7-1df1e3e6e97c,128,1636386808142811256,1636386808443951256,301,true,2535,1018
76bd39bc-5bba-4334-9f06-93c645ce69be,c9431eee-9299-4234-81b7-1df1e3e6e97c,129,1636386809079797256,1636386809555735256,475,true,2665,917
76bd39bc-5bba-4334-9f06-93c645ce69be,c9431eee-9299-4234-81b7-1df1e3e6e97c,130,1636386809607768256,1636386812403803256,2796,true,2831,1124
76bd39bc-5bba-4334-9f06-93c645ce69be,c9431eee-9299-4234-81b7-1df1e3e6e97c,131,1636386812431799256,1636386812699782256,267,true,2633,1412
76bd39bc-5bba-4334-9f06-93c645ce69be,c9431eee-9299-4234-81b7-1df1e3e6e97c,132,1636386812731760256,1636386813355778256,624,true,2336,1798
76bd39bc-5bba-4334-9f06-93c645ce69be,c9431eee-9299-4234-81b7-1df1e3e6e97c,133,1636386813375747256,1636386814471817256,1096,true,2318,1945
76bd39bc-5bba-4334-9f06-93c645ce69be,c9431eee-9299-4234-81b7-1df1e3e6e97c,134,1636386814515796256,1636386814943795256,427,true,1592,1403
76bd39bc-5bba-4334-9f06-93c645ce69be,c9431eee-9299-4234-81b7-1df1e3e6e97c,135,1636386814971765256,1636386815225380256,253,true,1326,1478
76bd39bc-5bba-4334-9f06-93c645ce69be,c9431eee-9299-4234-81b7-1df1e3e6e97c,136,1636386815263760256,1636386815899756256,635,true,1819,1624
76bd39bc-5bba-4334-9f06-93c645ce69be,c9431eee-9299-4234-81b7-1df1e3e6e97c,137,1636386815943817256,1636386816583830256,640,true,1387,2241
76bd39bc-5bba-4334-9f06-93c645ce69be,c9431eee-9299-4234-81b7-1df1e3e6e97c,138,1636386816615785256,1636386818175784256,1559,true,1323,2378
76bd39bc-5bba-4334-9f06-93c645ce69be,c9431eee-9299-4234-81b7-1df1e3e6e97c,139,1636386818211803256,1636386818483735256,271,true,1269,2603
76bd39bc-5bba-4334-9f06-93c645ce69be,c9431eee-9299-4234-81b7-1df1e3e6e97c,140,1636386818495788256,1636386818703764256,207,true,1575,2549
76bd39bc-5bba-4334-9f06-93c645ce69be,c9431eee-9299-4234-81b7-1df1e3e6e97c,141,1636386818741660256,1636386818947808256,206,true,1898,2096
76bd39bc-5bba-4334-9f06-93c645ce69be,c9431eee-9299-4234-81b7-1df1e3e6e97c,142,1636386818987785256,1636386819179758256,191,true,2494,2298
76bd39bc-5bba-4334-9f06-93c645ce69be,c9431eee-9299-4234-81b7-1df1e3e6e97c,143,1636386819223768256,1636386820379766256,1155,true,3252,2269
76bd39bc-5bba-4334-9f06-93c645ce69be,c9431eee-9299-4234-81b7-1df1e3e6e97c,144,1636386820419787256,1636386820643790256,224,true,3518,1533
76bd39bc-5bba-4334-9f06-93c645ce69be,c9431eee-9299-4234-81b7-1df1e3e6e97c,145,1636386820675766256,1636386820751749256,75,true,3348,1256
76bd39bc-5bba-4334-9f06-93c645ce69be,c9431eee-9299-4234-81b7-1df1e3e6e97c,146,1636386820779841256,1636386820951734256,171,true,3742,1246
f8593f3e-f79b-449f-9f12-c5b42f48a8c8,737e9eee-89e5-4d1b-9b06-57d84e51eaca,149,1636633956794816351,1636633956862924351,68,true,2654,1161
f8593f3e-f79b-449f-9f12-c5b42f48a8c8,737e9eee-89e5-4d1b-9b06-57d84e51eaca,150,1636633957190814351,1636633957302832351,112,true,2414,969
f8593f3e-f79b-449f-9f12-c5b42f48a8c8,737e9eee-89e5-4d1b-9b06-57d84e51eaca,151,1636633957526869351,1636633957679175351,152,true,1503,1031
f8593f3e-f79b-449f-9f12-c5b42f48a8c8,737e9eee-89e5-4d1b-9b06-57d84e51eaca,152,1636633957726844351,1636633957870827351,143,true,2364,1263
f8593f3e-f79b-449f-9f12-c5b42f48a8c8,737e9eee-89e5-4d1b-9b06-57d84e51eaca,153,1636633958010832351,1636633958314826351,303,true,2370,1206
f8593f3e-f79b-449f-9f12-c5b42f48a8c8,737e9eee-89e5-4d1b-9b06-57d84e51eaca,154,1636633958346837351,1636633958438952351,92,true,2699,1067
f8593f3e-f79b-449f-9f12-c5b42f48a8c8,737e9eee-89e5-4d1b-9b06-57d84e51eaca,155,1636633958494852351,1636633958766834351,271,true,2224,1752
f8593f3e-f79b-449f-9f12-c5b42f48a8c8,737e9eee-89e5-4d1b-9b06-57d84e51eaca,156,1636633958798854351,1636633959090839351,291,true,2100,1349
f8593f3e-f79b-449f-9f12-c5b42f48a8c8,737e9eee-89e5-4d1b-9b06-57d84e51eaca,157,1636633959370816351,1636633959510839351,140,true,2527,1152
f8593f3e-f79b-449f-9f12-c5b42f48a8c8,737e9eee-89e5-4d1b-9b06-57d84e51eaca,158,1636633959534847351,1636633959618844351,83,true,2697,1179
f8593f3e-f79b-449f-9f12-c5b42f48a8c8,737e9eee-89e5-4d1b-9b06-57d84e51eaca,159,1636633959794838351,1636633960198858351,404,true,1596,1365
f8593f3e-f79b-449f-9f12-c5b42f48a8c8,737e9eee-89e5-4d1b-9b06-57d84e51eaca,160,1636633960235094351,1636633960434847351,199,true,1937,1145
f8593f3e-f79b-449f-9f12-c5b42f48a8c8,737e9eee-89e5-4d1b-9b06-57d84e51eaca,161,1636633960470828351,1636633960570927351,100,true,2248,988
f8593f3e-f79b-449f-9f12-c5b42f48a8c8,737e9eee-89e5-4d1b-9b06-57d84e51eaca,162,1636633960750931351,1636633960982880351,231,true,2252,882
f8593f3e-f79b-449f-9f12-c5b42f48a8c8,737e9eee-89e5-4d1b-9b06-57d84e51eaca,163,1636633961010820351,1636633961306821351,296,true,2185,679
f8593f3e-f79b-449f-9f12-c5b42f48a8c8,737e9eee-89e5-4d1b-9b06-57d84e51eaca,164,1636633961338951351,1636633961570905351,231,true,2139,932
f8593f3e-f79b-449f-9f12-c5b42f48a8c8,737e9eee-89e5-4d1b-9b06-57d84e51eaca,165,1636633961678867351,1636633961826819351,147,true,2091,950
f8593f3e-f79b-449f-9f12-c5b42f48a8c8,737e9eee-89e5-4d1b-9b06-57d84e51eaca,166,1636633961866853351,1636633962166883351,300,true,1694,817
f8593f3e-f79b-449f-9f12-c5b42f48a8c8,737e9eee-89e5-4d1b-9b06-57d84e51eaca,167,1636633962206840351,1636633962646832351,439,true,2448,946
f8593f3e-f79b-449f-9f12-c5b42f48a8c8,737e9eee-89e5-4d1b-9b06-57d84e51eaca,168,1636633962686842351,1636633962850837351,163,true,2070,930
f8593f3e-f79b-449f-9f12-c5b42f48a8c8,737e9eee-89e5-4d1b-9b06-57d84e51eaca,169,1636633963018973351,1636633963470925351,451,true,2155,857
f8593f3e-f79b-449f-9f12-c5b42f48a8c8,737e9eee-89e5-4d1b-9b06-57d84e51eaca,170,1636633963498888351,1636633964662832351,1163,true,2492,961
f8593f3e-f79b-449f-9f12-c5b42f48a8c8,737e9eee-89e5-4d1b-9b06-57d84e51eaca,171,1636633964862871351,1636633966114831351,1251,true,2459,976
f8593f3e-f79b-449f-9f12-c5b42f48a8c8,737e9eee-89e5-4d1b-9b06-57d84e51eaca,172,1636633966146936351,1636633966898849351,751,true,2668,1118
f8593f3e-f79b-449f-9f12-c5b42f48a8c8,737e9eee-89e5-4d1b-9b06-57d84e51eaca,173,1636633966974843351,1636633967194831351,219,true,1380,993
f8593f3e-f79b-449f-9f12-c5b42f48a8c8,737e9eee-89e5-4d1b-9b06-57d84e51eaca,174,1636633967222874351,1636633967334843351,111,true,1094,974
f8593f3e-f79b-449f-9f12-c5b42f48a8c8,737e9eee-89e5-4d1b-9b06-57d84e51eaca,175,1636633967510833351,1636633967898841351,388,true,1527,1048
f8593f3e-f79b-449f-9f12-c5b42f48a8c8,737e9eee-89e5-4d1b-9b06-57d84e51eaca,176,1636633967938852351,1636633968722838351,783,true,1592,654
f8593f3e-f79b-449f-9f12-c5b42f48a8c8,737e9eee-89e5-4d1b-9b06-57d84e51eaca,177,1636633968750868351,1636633969030822351,279,true,1123,128
f8593f3e-f79b-449f-9f12-c5b42f48a8c8,737e9eee-89e5-4d1b-9b06-57d84e51eaca,178,1636633969078812351,1636633969338875351,260,true,786,694
f8593f3e-f79b-449f-9f12-c5b42f48a8c8,737e9eee-89e5-4d1b-9b06-57d84e51eaca,179,1636633969358853351,1636633969458821351,99,true,608,803
f8593f3e-f79b-449f-9f12-c5b42f48a8c8,737e9eee-89e5-4d1b-9b06-57d84e51eaca,180,1636633969606828351,1636633970406826351,799,true,886,1686
f8593f3e-f79b-449f-9f12-c5b42f48a8c8,737e9eee-89e5-4d1b-9b06-57d84e51eaca,181,1636633970438892351,1636633970910949351,472,true,1264,1531
f8593f3e-f79b-449f-9f12-c5b42f48a8c8,737e9eee-89e5-4d1b-9b06-57d84e51eaca,182,1636633970942848351,1636633971450837351,507,true,956,1584
f8593f3e-f79b-449f-9f12-c5b42f48a8c8,737e9eee-89e5-4d1b-9b06-57d84e51eaca,183,1636633971498834351,1636633971818841351,320,true,842,2054
f8593f3e-f79b-449f-9f12-c5b42f48a8c8,737e9eee-89e5-4d1b-9b06-57d84e51eaca,184,1636633971866835351,1636633972606871351,740,true,1386,2317
f8593f3e-f79b-449f-9f12-c5b42f48a8c8,737e9eee-89e5-4d1b-9b06-57d84e51eaca,185,1636633972682826351,1636633972846966351,164,true,2437,2250
f8593f3e-f79b-449f-9f12-c5b42f48a8c8,737e9eee-89e5-4d1b-9b06-57d84e51eaca,186,1636633972886846351,1636633973126839351,239,true,2741,2068
f8593f3e-f79b-449f-9f12-c5b42f48a8c8,737e9eee-89e5-4d1b-9b06-57d84e51eaca,187,1636633973170824351,1636633973310814351,139,true,3297,2338
f8593f3e-f79b-449f-9f12-c5b42f48a8c8,737e9eee-89e5-4d1b-9b06-57d84e51eaca,188,1636633973338844351,1636633973626896351,288,true,3194,2394
f8593f3e-f79b-449f-9f12-c5b42f48a8c8,737e9eee-89e5-4d1b-9b06-57d84e51eaca,189,1636633973678838351,1636633973834823351,155,true,3431,1799
